feature,mi_score,original_index,rank
jit_la,0.06283294503728798,0,1
complexity_confidence,0.03755738564357669,436,2
complexity_margin,0.03682832188949181,443,3
jit_age,0.03558247882985954,7,4
jit_nf,0.032103380658686564,2,5
jit_ent,0.03168111070448898,5,6
jit_ld,0.027183456410656337,1,7
complexity_M,0.026210361626582523,420,8
scope_margin,0.02585184267875751,444,9
risk_margin,0.025830455582216416,442,10
risk_confidence,0.025790799385646546,435,11
scope_M,0.02508540229873768,424,12
jit_nd,0.0247953409410262,4,13
scope_confidence,0.024572980655567456,437,14
jit_asexp,0.024121377732767346,11,15
jit_ns,0.023408406240058133,3,16
jit_arexp,0.021144392252377964,10,17
risk_M,0.02011107103997345,417,18
jit_ndev,0.0198950455547382,6,19
jit_nuc,0.018547999129987502,8,20
test_M,0.018344337472490535,427,21
test_confidence,0.01662689511440374,438,22
security_margin,0.01621355455639728,446,23
codebert_pca_1,0.016002873583646382,12,24
security_confidence,0.01524943256402933,439,25
codebert_pca_4,0.015152143151224484,15,26
security_N,0.015038414462787975,432,27
intent_BF,0.014413461568831387,396,28
complexity_L,0.014141413396485891,419,29
jit_aexp,0.014091278804062801,9,30
change_confidence,0.013421387023034637,434,31
change_OT,0.011744067324830798,412,32
change_UI,0.011450095547103079,414,33
test_margin,0.0113200589817819,445,34
codebert_pca_9,0.009331747886525132,20,35
change_margin,0.009279173250436479,441,36
risk_L,0.008722777266545245,416,37
test_L,0.008231095234722874,426,38
security_L,0.007746216841785003,430,39
intent_confidence,0.007514216733267798,433,40
change_LG,0.007183926306678634,411,41
codebert_pca_16,0.007175782667447006,27,42
intent_margin,0.007155061892064607,440,43
intent_SC,0.0071424147511751634,403,44
scope_L,0.006948761542474147,423,45
codebert_pca_3,0.006263306484968645,14,46
codebert_pca_26,0.006245917529793754,37,47
codebert_pca_46,0.005698672192574916,57,48
codebert_pca_241,0.005446602083705843,252,49
codebert_pca_177,0.00540277790469279,188,50
codebert_pca_109,0.0052071303942184954,120,51
codebert_pca_142,0.005206605485133187,153,52
codebert_pca_254,0.005098014078146917,265,53
codebert_pca_27,0.005068575388325058,38,54
codebert_pca_212,0.004917842611274592,223,55
codebert_pca_93,0.004758772369350739,104,56
change_CF,0.004749224756844805,407,57
codebert_pca_42,0.0046892832015126285,53,58
codebert_pca_107,0.004665861885969624,118,59
codebert_pca_41,0.0045869577172577,52,60
codebert_pca_213,0.004547517199715578,224,61
codebert_pca_182,0.004505932748013919,193,62
codebert_pca_248,0.004418951227404211,259,63
codebert_pca_131,0.004399539044060763,142,64
codebert_pca_258,0.004231923148160455,269,65
codebert_pca_363,0.004228977048681193,374,66
codebert_pca_337,0.004210207585412684,348,67
codebert_pca_307,0.004133176813504003,318,68
codebert_pca_118,0.004077767401526655,129,69
codebert_pca_18,0.00405394885671817,29,70
codebert_pca_6,0.004028699526404056,17,71
codebert_pca_160,0.004003919498583031,171,72
codebert_pca_129,0.0040005665935765045,140,73
complexity_H,0.003979005129885582,418,74
codebert_pca_65,0.003955387251804998,76,75
codebert_pca_328,0.003898179632042087,339,76
codebert_pca_157,0.0038726921114686785,168,77
scope_C,0.0038588210881065343,421,78
codebert_pca_239,0.003858243213263668,250,79
codebert_pca_271,0.0038005724969407684,282,80
codebert_pca_220,0.0037684696566000486,231,81
codebert_pca_259,0.003749575175060693,270,82
codebert_pca_158,0.003715738047387118,169,83
codebert_pca_279,0.00368867830723274,290,84
codebert_pca_357,0.0036728930390099723,368,85
codebert_pca_97,0.003602849825026455,108,86
codebert_pca_156,0.003590407998276701,167,87
scope_F,0.003573168473355315,422,88
codebert_pca_89,0.003464052299277931,100,89
codebert_pca_176,0.003456499578248229,187,90
codebert_pca_8,0.0034492297235273472,19,91
codebert_pca_29,0.0034462936826298307,40,92
codebert_pca_291,0.0033748931752182187,302,93
codebert_pca_123,0.0033515293093422382,134,94
codebert_pca_136,0.003327926189608421,147,95
codebert_pca_315,0.0033195720146832475,326,96
codebert_pca_84,0.0032437450689779546,95,97
codebert_pca_262,0.003209105438253479,273,98
codebert_pca_308,0.003164800691744185,319,99
codebert_pca_59,0.0031366234427308015,70,100
codebert_pca_90,0.00311743530885078,101,101
codebert_pca_306,0.003113912777392036,317,102
codebert_pca_92,0.003092752644370478,103,103
codebert_pca_331,0.003065347014671982,342,104
codebert_pca_187,0.0030546362809693584,198,105
codebert_pca_155,0.00305207744814906,166,106
codebert_pca_17,0.0030488185801129664,28,107
codebert_pca_48,0.0030270865474864017,59,108
codebert_pca_321,0.0030013889146693895,332,109
codebert_pca_87,0.0029970131777437015,98,110
codebert_pca_370,0.0029843918380594303,381,111
codebert_pca_260,0.0029377302283910556,271,112
codebert_pca_288,0.002903247157440836,299,113
security_H,0.002884102891985485,429,114
security_M,0.002880006632508092,431,115
codebert_pca_110,0.002852828085337711,121,116
codebert_pca_360,0.00284353614846089,371,117
codebert_pca_85,0.0028367381281373394,96,118
codebert_pca_355,0.002824572383470114,366,119
codebert_pca_169,0.002815368156432685,180,120
codebert_pca_384,0.0028132813025123493,395,121
codebert_pca_137,0.002785441671040667,148,122
codebert_pca_325,0.0027304300423680594,336,123
codebert_pca_159,0.0027105507440623455,170,124
codebert_pca_368,0.0027015771819700607,379,125
codebert_pca_231,0.0026722226905888657,242,126
codebert_pca_381,0.002651384980886018,392,127
codebert_pca_242,0.0026394394687041522,253,128
codebert_pca_293,0.0026289494699272,304,129
codebert_pca_280,0.0025679317048421524,291,130
codebert_pca_5,0.0025383400281628887,16,131
codebert_pca_274,0.0025325390284429705,285,132
codebert_pca_104,0.0025264243711558,115,133
codebert_pca_287,0.0025131066432420024,298,134
codebert_pca_206,0.0024967894788352485,217,135
codebert_pca_170,0.0024904012931370456,181,136
codebert_pca_140,0.002485951602621883,151,137
codebert_pca_300,0.0024572257355592875,311,138
codebert_pca_36,0.002440994520471751,47,139
codebert_pca_103,0.0024378605137342912,114,140
intent_TS,0.0023972725225189784,404,141
codebert_pca_52,0.0023537656684218256,63,142
codebert_pca_184,0.0023433062890652057,195,143
codebert_pca_257,0.002341586852818267,268,144
codebert_pca_127,0.0023106376882591206,138,145
codebert_pca_23,0.0023030022144499007,34,146
codebert_pca_327,0.0023007557689731506,338,147
codebert_pca_336,0.0022916306850735424,347,148
codebert_pca_75,0.0022304984943628536,86,149
codebert_pca_94,0.0022236016732450903,105,150
codebert_pca_115,0.0021912265005603615,126,151
codebert_pca_282,0.002184846687834474,293,152
codebert_pca_19,0.0021782172920230547,30,153
codebert_pca_234,0.002170163513332657,245,154
codebert_pca_266,0.0021538282842552547,277,155
codebert_pca_54,0.002110309599977489,65,156
codebert_pca_365,0.002064123255417938,376,157
codebert_pca_342,0.0020639949011491687,353,158
codebert_pca_284,0.0020413303730102417,295,159
codebert_pca_369,0.002003804187521885,380,160
codebert_pca_372,0.001991998931801797,383,161
codebert_pca_221,0.0019747952002067137,232,162
codebert_pca_77,0.00196044611384516,88,163
codebert_pca_116,0.0019525575115986182,127,164
codebert_pca_146,0.0019298830872243045,157,165
codebert_pca_147,0.0019165099821767395,158,166
codebert_pca_80,0.0019131997286472302,91,167
codebert_pca_295,0.0018846426140510797,306,168
codebert_pca_243,0.0018844369688297835,254,169
codebert_pca_64,0.0018809605559377829,75,170
codebert_pca_377,0.0018268315938332336,388,171
codebert_pca_69,0.001816423343280249,80,172
risk_H,0.0018159414325773504,415,173
codebert_pca_359,0.0018140268838764406,370,174
codebert_pca_323,0.0018065169969516681,334,175
codebert_pca_25,0.0017155458483193442,36,176
codebert_pca_130,0.0017046212531341975,141,177
codebert_pca_249,0.001690611184433255,260,178
codebert_pca_10,0.0016887704249799462,21,179
codebert_pca_201,0.0016857490941470932,212,180
codebert_pca_202,0.0016812157204708633,213,181
codebert_pca_267,0.0016689062820185452,278,182
codebert_pca_297,0.001664839665542317,308,183
codebert_pca_124,0.0016514749101661508,135,184
intent_FT,0.0016287444850267008,399,185
codebert_pca_47,0.001620135327262462,58,186
codebert_pca_247,0.0015945671031400988,258,187
codebert_pca_268,0.0015419613881477723,279,188
test_N,0.0015362964919873878,428,189
codebert_pca_152,0.0015206489469292706,163,190
codebert_pca_20,0.0014927006806972898,31,191
codebert_pca_340,0.0014828644944882008,351,192
codebert_pca_24,0.0014643366774715894,35,193
intent_BL,0.001458325292954088,397,194
codebert_pca_149,0.0014200011016951564,160,195
codebert_pca_205,0.0014178889920883897,216,196
codebert_pca_204,0.001416569459105066,215,197
codebert_pca_233,0.001416529536045319,244,198
codebert_pca_343,0.0013850330583706771,354,199
codebert_pca_215,0.001348444801202442,226,200
codebert_pca_181,0.0013443312567484877,192,201
codebert_pca_256,0.0013346233487454562,267,202
codebert_pca_72,0.0013030666051341289,83,203
codebert_pca_244,0.001298897687348255,255,204
codebert_pca_227,0.0012760157707509823,238,205
codebert_pca_96,0.0012745331098971135,107,206
codebert_pca_161,0.00124669346207118,172,207
change_DC,0.0012073187736774127,409,208
codebert_pca_43,0.0011468629087809656,54,209
codebert_pca_58,0.0011337093953143196,69,210
codebert_pca_305,0.0011245424240895474,316,211
codebert_pca_317,0.0011185004224427697,328,212
codebert_pca_105,0.0010956473245147258,116,213
codebert_pca_275,0.0010764195316583791,286,214
codebert_pca_15,0.0010555144653214832,26,215
codebert_pca_366,0.001037786327197976,377,216
codebert_pca_14,0.0010312568367021324,25,217
codebert_pca_100,0.0010245261573209596,111,218
codebert_pca_345,0.0010192836000457728,356,219
codebert_pca_222,0.0010099716042950568,233,220
codebert_pca_132,0.000981558262593607,143,221
codebert_pca_163,0.000970337219365458,174,222
codebert_pca_81,0.0009601861454149319,92,223
codebert_pca_165,0.0009191097063696585,176,224
codebert_pca_197,0.0009056747316849023,208,225
codebert_pca_375,0.0009013741774099859,386,226
codebert_pca_12,0.0008978804588284373,23,227
codebert_pca_235,0.0008931170058290583,246,228
codebert_pca_133,0.0008925067460354708,144,229
codebert_pca_253,0.0008715105132464096,264,230
change_DP,0.0008697506869517202,410,231
codebert_pca_35,0.0008582154255325491,46,232
codebert_pca_13,0.000851878205734069,24,233
codebert_pca_277,0.0008436087533576497,288,234
codebert_pca_162,0.0008369590524701653,173,235
codebert_pca_289,0.0008176610944294893,300,236
codebert_pca_11,0.0008159592158845097,22,237
codebert_pca_166,0.0008109624588059638,177,238
codebert_pca_174,0.0008017877948378604,185,239
codebert_pca_207,0.0007871281656572915,218,240
codebert_pca_32,0.000779183567377606,43,241
codebert_pca_71,0.0007591178986277036,82,242
codebert_pca_245,0.0007534533411179822,256,243
codebert_pca_211,0.00074810494512767,222,244
codebert_pca_192,0.0007349289689455585,203,245
change_AP,0.0007128479610996052,405,246
codebert_pca_2,0.0006930924705894626,13,247
codebert_pca_164,0.0006736621238760954,175,248
codebert_pca_128,0.0006632112312445759,139,249
codebert_pca_196,0.0006478510092233769,207,250
codebert_pca_350,0.0006365145344062739,361,251
codebert_pca_376,0.0006119865771594402,387,252
codebert_pca_102,0.0006062471687053872,113,253
codebert_pca_151,0.0005711440833864323,162,254
codebert_pca_261,0.0005603846040009852,272,255
codebert_pca_338,0.0005565355296677232,349,256
codebert_pca_22,0.000526064915181701,33,257
codebert_pca_219,0.0005240320873463045,230,258
codebert_pca_126,0.0005058219468669911,137,259
codebert_pca_111,0.0004998425174429499,122,260
codebert_pca_121,0.000490300467956617,132,261
codebert_pca_135,0.00048597726416232945,146,262
codebert_pca_309,0.00048199206188992427,320,263
codebert_pca_113,0.0004804067321750871,124,264
codebert_pca_299,0.0004565815207806523,310,265
codebert_pca_324,0.00043286604379244586,335,266
codebert_pca_138,0.00043219998517507463,149,267
codebert_pca_200,0.00043169056492398106,211,268
codebert_pca_57,0.0004240506627104512,68,269
codebert_pca_190,0.0004174302771866589,201,270
codebert_pca_114,0.00040502700213562726,125,271
codebert_pca_252,0.00038849236510563045,263,272
codebert_pca_290,0.0003811072148600658,301,273
codebert_pca_316,0.00037158951931171025,327,274
codebert_pca_112,0.00035252317291623037,123,275
codebert_pca_189,0.000350912916288193,200,276
codebert_pca_276,0.0003444586176204467,287,277
codebert_pca_191,0.0003350229172425223,202,278
codebert_pca_122,0.0003271486628995124,133,279
codebert_pca_374,0.00029217556831184766,385,280
codebert_pca_178,0.0002603151437412521,189,281
change_TS,0.00024684211805592327,413,282
change_DA,0.00023341708596413824,408,283
codebert_pca_7,0.000221609187106786,18,284
codebert_pca_382,0.00021400027155338286,393,285
codebert_pca_50,0.0001679549703677008,61,286
codebert_pca_175,0.00016150339003595526,186,287
codebert_pca_298,0.00015510251406425368,309,288
codebert_pca_278,0.00013432840724192374,289,289
codebert_pca_353,0.00010627391191198043,364,290
codebert_pca_119,8.85500000007422e-05,130,291
codebert_pca_216,2.073110919664778e-05,227,292
codebert_pca_73,3.5445488424379334e-06,84,293
codebert_pca_21,0.0,32,294
codebert_pca_28,0.0,39,295
codebert_pca_30,0.0,41,296
codebert_pca_31,0.0,42,297
codebert_pca_33,0.0,44,298
codebert_pca_34,0.0,45,299
codebert_pca_37,0.0,48,300
codebert_pca_38,0.0,49,301
codebert_pca_39,0.0,50,302
codebert_pca_40,0.0,51,303
codebert_pca_44,0.0,55,304
codebert_pca_45,0.0,56,305
codebert_pca_49,0.0,60,306
codebert_pca_51,0.0,62,307
codebert_pca_53,0.0,64,308
codebert_pca_55,0.0,66,309
codebert_pca_56,0.0,67,310
codebert_pca_60,0.0,71,311
codebert_pca_61,0.0,72,312
codebert_pca_62,0.0,73,313
codebert_pca_63,0.0,74,314
codebert_pca_66,0.0,77,315
codebert_pca_67,0.0,78,316
codebert_pca_68,0.0,79,317
codebert_pca_70,0.0,81,318
codebert_pca_74,0.0,85,319
codebert_pca_76,0.0,87,320
codebert_pca_78,0.0,89,321
codebert_pca_79,0.0,90,322
codebert_pca_82,0.0,93,323
codebert_pca_83,0.0,94,324
codebert_pca_86,0.0,97,325
codebert_pca_88,0.0,99,326
codebert_pca_91,0.0,102,327
codebert_pca_95,0.0,106,328
codebert_pca_98,0.0,109,329
codebert_pca_99,0.0,110,330
codebert_pca_101,0.0,112,331
codebert_pca_106,0.0,117,332
codebert_pca_108,0.0,119,333
codebert_pca_117,0.0,128,334
codebert_pca_120,0.0,131,335
codebert_pca_125,0.0,136,336
codebert_pca_134,0.0,145,337
codebert_pca_139,0.0,150,338
codebert_pca_141,0.0,152,339
codebert_pca_143,0.0,154,340
codebert_pca_144,0.0,155,341
codebert_pca_145,0.0,156,342
codebert_pca_148,0.0,159,343
codebert_pca_150,0.0,161,344
codebert_pca_153,0.0,164,345
codebert_pca_154,0.0,165,346
codebert_pca_167,0.0,178,347
codebert_pca_168,0.0,179,348
codebert_pca_171,0.0,182,349
codebert_pca_172,0.0,183,350
codebert_pca_173,0.0,184,351
codebert_pca_179,0.0,190,352
codebert_pca_180,0.0,191,353
codebert_pca_183,0.0,194,354
codebert_pca_185,0.0,196,355
codebert_pca_186,0.0,197,356
codebert_pca_188,0.0,199,357
codebert_pca_193,0.0,204,358
codebert_pca_194,0.0,205,359
codebert_pca_195,0.0,206,360
codebert_pca_198,0.0,209,361
codebert_pca_199,0.0,210,362
codebert_pca_203,0.0,214,363
codebert_pca_208,0.0,219,364
codebert_pca_209,0.0,220,365
codebert_pca_210,0.0,221,366
codebert_pca_214,0.0,225,367
codebert_pca_217,0.0,228,368
codebert_pca_218,0.0,229,369
codebert_pca_223,0.0,234,370
codebert_pca_224,0.0,235,371
codebert_pca_225,0.0,236,372
codebert_pca_226,0.0,237,373
codebert_pca_228,0.0,239,374
codebert_pca_229,0.0,240,375
codebert_pca_230,0.0,241,376
codebert_pca_232,0.0,243,377
codebert_pca_236,0.0,247,378
codebert_pca_237,0.0,248,379
codebert_pca_238,0.0,249,380
codebert_pca_240,0.0,251,381
codebert_pca_246,0.0,257,382
codebert_pca_250,0.0,261,383
codebert_pca_251,0.0,262,384
codebert_pca_255,0.0,266,385
codebert_pca_263,0.0,274,386
codebert_pca_264,0.0,275,387
codebert_pca_265,0.0,276,388
codebert_pca_269,0.0,280,389
codebert_pca_270,0.0,281,390
codebert_pca_272,0.0,283,391
codebert_pca_273,0.0,284,392
codebert_pca_281,0.0,292,393
codebert_pca_283,0.0,294,394
codebert_pca_285,0.0,296,395
codebert_pca_286,0.0,297,396
codebert_pca_292,0.0,303,397
codebert_pca_294,0.0,305,398
codebert_pca_296,0.0,307,399
codebert_pca_301,0.0,312,400
codebert_pca_302,0.0,313,401
codebert_pca_303,0.0,314,402
codebert_pca_304,0.0,315,403
codebert_pca_310,0.0,321,404
codebert_pca_311,0.0,322,405
codebert_pca_312,0.0,323,406
codebert_pca_313,0.0,324,407
codebert_pca_314,0.0,325,408
codebert_pca_318,0.0,329,409
codebert_pca_319,0.0,330,410
codebert_pca_320,0.0,331,411
codebert_pca_322,0.0,333,412
codebert_pca_326,0.0,337,413
codebert_pca_329,0.0,340,414
codebert_pca_330,0.0,341,415
codebert_pca_332,0.0,343,416
codebert_pca_333,0.0,344,417
codebert_pca_334,0.0,345,418
codebert_pca_335,0.0,346,419
codebert_pca_339,0.0,350,420
codebert_pca_341,0.0,352,421
codebert_pca_344,0.0,355,422
codebert_pca_346,0.0,357,423
codebert_pca_347,0.0,358,424
codebert_pca_348,0.0,359,425
codebert_pca_349,0.0,360,426
codebert_pca_351,0.0,362,427
codebert_pca_352,0.0,363,428
codebert_pca_354,0.0,365,429
codebert_pca_356,0.0,367,430
codebert_pca_358,0.0,369,431
codebert_pca_361,0.0,372,432
codebert_pca_362,0.0,373,433
codebert_pca_364,0.0,375,434
codebert_pca_367,0.0,378,435
codebert_pca_371,0.0,382,436
codebert_pca_373,0.0,384,437
codebert_pca_378,0.0,389,438
codebert_pca_379,0.0,390,439
codebert_pca_380,0.0,391,440
codebert_pca_383,0.0,394,441
intent_DC,0.0,398,442
intent_OT,0.0,400,443
intent_PF,0.0,401,444
intent_RF,0.0,402,445
change_BL,0.0,406,446
test_H,0.0,425,447
