split,language,count,percentage,buggy_count,buggy_rate
train,C++,8400,20.000952426306014,3151,0.37511904761904763
train,Java,25201,60.00523834468308,5709,0.22653862941946748
train,Python,8397,19.993809229010907,3052,0.3634631415981898
validation,C++,1800,20.004445432318292,490,0.2722222222222222
validation,Java,5398,59.991109135363416,942,0.17450907743608743
validation,Python,1800,20.004445432318292,650,0.3611111111111111
test,C++,1800,20.0,365,0.20277777777777778
test,Java,5401,60.01111111111111,573,0.10609146454360303
test,Python,1799,19.988888888888887,438,0.2434685936631462
