rank,feature,feature_type,mi_score
1,la,JIT,0.06325080150690887
2,age,JIT,0.036892868782014254
3,nf,JIT,0.03226672797423169
4,ent,JIT,0.032037718995054254
5,nd,JIT,0.030464389551090543
6,ld,JIT,0.029253273175765093
7,asexp,JIT,0.02577523624639322
8,ns,JIT,0.024840921306606534
9,ndev,JIT,0.020565351868877535
10,arexp,JIT,0.018917244302450786
11,nuc,JIT,0.017633300773193028
12,pca_1,CodeBERT_PCA,0.015900536140030175
13,pca_4,CodeBERT_PCA,0.015170401184589677
14,aexp,JIT,0.012526592810288673
15,pca_9,CodeBERT_PCA,0.009270862461934648
16,pca_16,CodeBERT_PCA,0.00703467783345757
17,pca_26,CodeBERT_PCA,0.006327545352522224
18,pca_3,CodeBERT_PCA,0.006176637836286636
19,pca_46,CodeBERT_PCA,0.005722726150657387
20,pca_177,CodeBERT_PCA,0.005450052945731532
21,pca_241,CodeBERT_PCA,0.00541019605766202
22,pca_109,CodeBERT_PCA,0.0053053191549830014
23,pca_142,CodeBERT_PCA,0.005144163498491672
24,pca_254,CodeBERT_PCA,0.005141966289838207
25,pca_27,CodeBERT_PCA,0.004959804830828585
26,pca_212,CodeBERT_PCA,0.004843998750376333
27,pca_93,CodeBERT_PCA,0.004783798028726416
28,pca_42,CodeBERT_PCA,0.004576274628363963
29,pca_41,CodeBERT_PCA,0.004543721245388044
30,pca_248,CodeBERT_PCA,0.0045221565074931025
31,pca_213,CodeBERT_PCA,0.004493930527907919
32,pca_182,CodeBERT_PCA,0.004465624452423489
33,pca_107,CodeBERT_PCA,0.004439351028908023
34,pca_337,CodeBERT_PCA,0.004285096824561796
35,pca_258,CodeBERT_PCA,0.004251475802883098
36,pca_131,CodeBERT_PCA,0.004245327093487683
37,pca_307,CodeBERT_PCA,0.004170095187221445
38,pca_118,CodeBERT_PCA,0.004146804146778038
39,pca_363,CodeBERT_PCA,0.004121737975091522
40,pca_160,CodeBERT_PCA,0.004055018340562766
41,pca_6,CodeBERT_PCA,0.0040325208101077425
42,pca_328,CodeBERT_PCA,0.004020316377249422
43,pca_129,CodeBERT_PCA,0.003951777275146284
44,pca_65,CodeBERT_PCA,0.003949155180585917
45,pca_157,CodeBERT_PCA,0.003868785124550911
46,pca_220,CodeBERT_PCA,0.0038634724636177342
47,pca_18,CodeBERT_PCA,0.003823895257012211
48,pca_158,CodeBERT_PCA,0.003819256940976734
49,pca_259,CodeBERT_PCA,0.0038073335957178323
50,pca_239,CodeBERT_PCA,0.003756863584872594
51,pca_279,CodeBERT_PCA,0.003740635009835014
52,pca_271,CodeBERT_PCA,0.0037235104716601963
53,pca_156,CodeBERT_PCA,0.003683201748166942
54,pca_357,CodeBERT_PCA,0.0036440614581008113
55,pca_97,CodeBERT_PCA,0.0035966048959577
56,pca_123,CodeBERT_PCA,0.003555083473824938
57,pca_29,CodeBERT_PCA,0.003500354100093084
58,pca_176,CodeBERT_PCA,0.0034760605378842957
59,pca_89,CodeBERT_PCA,0.0034530469057920676
60,pca_291,CodeBERT_PCA,0.0033555520013346385
61,pca_48,CodeBERT_PCA,0.0033363644827602013
62,pca_8,CodeBERT_PCA,0.0033290053858541224
63,pca_315,CodeBERT_PCA,0.003298049600098718
64,pca_136,CodeBERT_PCA,0.0032874923204044837
65,pca_262,CodeBERT_PCA,0.003189196951977946
66,pca_84,CodeBERT_PCA,0.003180322546231018
67,pca_306,CodeBERT_PCA,0.003154712832189155
68,pca_59,CodeBERT_PCA,0.0031529633502243026
69,pca_331,CodeBERT_PCA,0.003146657631803329
70,pca_90,CodeBERT_PCA,0.0031115907483809657
71,pca_187,CodeBERT_PCA,0.0031003335335253457
72,pca_17,CodeBERT_PCA,0.0030817438157513255
73,pca_308,CodeBERT_PCA,0.0030574752087304535
74,pca_288,CodeBERT_PCA,0.003046848056700302
75,pca_87,CodeBERT_PCA,0.0030061446126408153
76,pca_169,CodeBERT_PCA,0.003004292286236554
77,pca_155,CodeBERT_PCA,0.0029945491416139003
78,pca_85,CodeBERT_PCA,0.002979419156965646
79,pca_260,CodeBERT_PCA,0.0029625574978973113
80,pca_159,CodeBERT_PCA,0.002952787621973929
81,pca_370,CodeBERT_PCA,0.002907904506842085
82,pca_92,CodeBERT_PCA,0.0028958748200020867
83,pca_321,CodeBERT_PCA,0.00288115855438531
84,pca_355,CodeBERT_PCA,0.0028282739138272284
85,pca_384,CodeBERT_PCA,0.002825366806390228
86,pca_110,CodeBERT_PCA,0.002808022651535902
87,pca_325,CodeBERT_PCA,0.0027571752497310698
88,pca_368,CodeBERT_PCA,0.0027282316050278865
89,pca_381,CodeBERT_PCA,0.0027139956324531145
90,pca_274,CodeBERT_PCA,0.00271383110292156
91,pca_360,CodeBERT_PCA,0.002696396702000836
92,pca_137,CodeBERT_PCA,0.0026960441398267143
93,pca_280,CodeBERT_PCA,0.0026824613885634285
94,pca_231,CodeBERT_PCA,0.002679512153818786
95,pca_293,CodeBERT_PCA,0.0026590597259295023
96,pca_104,CodeBERT_PCA,0.0026449070106335792
97,pca_242,CodeBERT_PCA,0.0025984006315775687
98,pca_206,CodeBERT_PCA,0.002590572430473115
99,pca_103,CodeBERT_PCA,0.002557789069093541
100,pca_5,CodeBERT_PCA,0.0025193409686281587
101,pca_287,CodeBERT_PCA,0.002475469950672604
102,pca_300,CodeBERT_PCA,0.0024579585927235748
103,pca_36,CodeBERT_PCA,0.002434406130255029
104,pca_140,CodeBERT_PCA,0.002426677519680842
105,pca_327,CodeBERT_PCA,0.002388812867041734
106,pca_23,CodeBERT_PCA,0.0023395412360289747
107,pca_184,CodeBERT_PCA,0.0023172688652175477
108,pca_170,CodeBERT_PCA,0.002284914556496931
109,pca_94,CodeBERT_PCA,0.002279166146931466
110,pca_52,CodeBERT_PCA,0.0022562582859921854
111,pca_282,CodeBERT_PCA,0.0022549940195430995
112,pca_257,CodeBERT_PCA,0.002222693227252881
113,pca_75,CodeBERT_PCA,0.0022055521193520278
114,pca_127,CodeBERT_PCA,0.002184675560618965
115,pca_342,CodeBERT_PCA,0.0021626604283957462
116,pca_147,CodeBERT_PCA,0.002158303024121677
117,pca_336,CodeBERT_PCA,0.002150570537772012
118,pca_19,CodeBERT_PCA,0.002142152716949619
119,pca_266,CodeBERT_PCA,0.0021306100309710363
120,pca_115,CodeBERT_PCA,0.0021194243544877533
121,pca_234,CodeBERT_PCA,0.0020808469456297107
122,pca_365,CodeBERT_PCA,0.002076448245017737
123,pca_284,CodeBERT_PCA,0.002045214218522773
124,pca_54,CodeBERT_PCA,0.0020316857295328283
125,pca_77,CodeBERT_PCA,0.002025781953811867
126,pca_221,CodeBERT_PCA,0.002014152120630497
127,pca_243,CodeBERT_PCA,0.002013348900031575
128,pca_369,CodeBERT_PCA,0.002012643176385609
129,pca_372,CodeBERT_PCA,0.0020004155376478483
130,pca_146,CodeBERT_PCA,0.0019971708146386824
131,pca_323,CodeBERT_PCA,0.0019221811981817716
132,pca_64,CodeBERT_PCA,0.0018899168706307812
133,pca_80,CodeBERT_PCA,0.0018697691320610499
134,pca_377,CodeBERT_PCA,0.001851912310858017
135,pca_359,CodeBERT_PCA,0.001847496004708793
136,pca_116,CodeBERT_PCA,0.0018430515737151154
137,pca_297,CodeBERT_PCA,0.0018075850418868278
138,pca_201,CodeBERT_PCA,0.0017424254268079142
139,pca_69,CodeBERT_PCA,0.0017318750068491262
140,pca_267,CodeBERT_PCA,0.0017092359364849763
141,pca_124,CodeBERT_PCA,0.0016940175409929648
142,pca_130,CodeBERT_PCA,0.001684991109456968
143,pca_25,CodeBERT_PCA,0.0016849841151056477
144,pca_295,CodeBERT_PCA,0.001682679574520618
145,pca_10,CodeBERT_PCA,0.0016599270376682629
146,pca_47,CodeBERT_PCA,0.0016567272218199758
147,pca_24,CodeBERT_PCA,0.001654455864899429
148,pca_202,CodeBERT_PCA,0.0016231082761464233
149,pca_249,CodeBERT_PCA,0.0015978198813175748
150,pca_247,CodeBERT_PCA,0.001569123542885409
151,pca_215,CodeBERT_PCA,0.0015308950408698951
152,pca_204,CodeBERT_PCA,0.0015118267364480076
153,pca_149,CodeBERT_PCA,0.001511296516702787
154,pca_233,CodeBERT_PCA,0.001453056631806282
155,pca_205,CodeBERT_PCA,0.0014519823272456378
156,pca_152,CodeBERT_PCA,0.001451472198097603
157,pca_268,CodeBERT_PCA,0.0014495899288522462
158,pca_20,CodeBERT_PCA,0.0013962500234152575
159,pca_343,CodeBERT_PCA,0.0013707394138442464
160,pca_227,CodeBERT_PCA,0.0013623914317064667
161,pca_181,CodeBERT_PCA,0.0013319360994989982
162,pca_340,CodeBERT_PCA,0.0012996605025792363
163,pca_317,CodeBERT_PCA,0.0012365025149723152
164,pca_244,CodeBERT_PCA,0.001235458241710008
165,pca_256,CodeBERT_PCA,0.001210767738523133
166,pca_100,CodeBERT_PCA,0.0012067645907729574
167,pca_43,CodeBERT_PCA,0.0012062923285933724
168,pca_72,CodeBERT_PCA,0.0011535775997191244
169,pca_96,CodeBERT_PCA,0.0011504533205060063
170,pca_275,CodeBERT_PCA,0.0011229941663688514
171,pca_161,CodeBERT_PCA,0.0011195173528302238
172,pca_58,CodeBERT_PCA,0.0010746508473333805
173,pca_305,CodeBERT_PCA,0.001074515585689939
174,pca_81,CodeBERT_PCA,0.0010712827222174592
175,pca_174,CodeBERT_PCA,0.0010406540282807963
176,pca_14,CodeBERT_PCA,0.0010317316543131394
177,pca_15,CodeBERT_PCA,0.0010035596446871242
178,pca_163,CodeBERT_PCA,0.0009975536228679083
179,pca_222,CodeBERT_PCA,0.0009930036607483927
180,pca_345,CodeBERT_PCA,0.0009707599628887564
181,pca_366,CodeBERT_PCA,0.0009653509887976863
182,pca_133,CodeBERT_PCA,0.0009410654556611942
183,pca_105,CodeBERT_PCA,0.0009295279787731037
184,pca_277,CodeBERT_PCA,0.0009272939711564288
185,pca_162,CodeBERT_PCA,0.0009108746602632944
186,pca_35,CodeBERT_PCA,0.0009067713090711305
187,pca_197,CodeBERT_PCA,0.0009020130635846169
188,pca_375,CodeBERT_PCA,0.0008906005434707875
189,pca_192,CodeBERT_PCA,0.0008885600725072607
190,pca_253,CodeBERT_PCA,0.0008586051350119028
191,pca_165,CodeBERT_PCA,0.0008557300826503855
192,pca_12,CodeBERT_PCA,0.0008431325309676829
193,pca_13,CodeBERT_PCA,0.0008419307923921426
194,pca_211,CodeBERT_PCA,0.0008393698518223136
195,pca_132,CodeBERT_PCA,0.0008226088505709495
196,pca_261,CodeBERT_PCA,0.0007687829005271762
197,pca_71,CodeBERT_PCA,0.00076519280112608
198,pca_32,CodeBERT_PCA,0.0007629678263059159
199,pca_11,CodeBERT_PCA,0.0007554523325701279
200,pca_289,CodeBERT_PCA,0.0007495557989392054
201,pca_207,CodeBERT_PCA,0.0007479314944069948
202,pca_128,CodeBERT_PCA,0.0007379516769094874
203,pca_196,CodeBERT_PCA,0.0007325701518217098
204,pca_235,CodeBERT_PCA,0.0007234996715230757
205,pca_164,CodeBERT_PCA,0.0007093313013779579
206,pca_2,CodeBERT_PCA,0.000707555425657036
207,pca_376,CodeBERT_PCA,0.0007027573819542443
208,pca_245,CodeBERT_PCA,0.0006507854382209466
209,pca_309,CodeBERT_PCA,0.0006368537835959032
210,pca_111,CodeBERT_PCA,0.0006270711904243775
211,pca_102,CodeBERT_PCA,0.0006251836639761255
212,pca_350,CodeBERT_PCA,0.0006237989389363818
213,pca_121,CodeBERT_PCA,0.0006020375800861455
214,pca_151,CodeBERT_PCA,0.0005793836119913909
215,pca_219,CodeBERT_PCA,0.0005762902219226262
216,pca_135,CodeBERT_PCA,0.0005719012086653485
217,pca_22,CodeBERT_PCA,0.0005483815321458696
218,pca_57,CodeBERT_PCA,0.0005415521010765367
219,pca_126,CodeBERT_PCA,0.0005312964808337206
220,pca_324,CodeBERT_PCA,0.0005292981669866581
221,pca_276,CodeBERT_PCA,0.00048767647723213514
222,pca_200,CodeBERT_PCA,0.00047726041511331196
223,pca_299,CodeBERT_PCA,0.00045748511468102215
224,pca_166,CodeBERT_PCA,0.00044120591130480946
225,pca_338,CodeBERT_PCA,0.0004124364293593974
226,pca_190,CodeBERT_PCA,0.00040290494012484857
227,pca_114,CodeBERT_PCA,0.0004004566386477393
228,pca_316,CodeBERT_PCA,0.00039066685006350355
229,pca_113,CodeBERT_PCA,0.00038545392173183757
230,pca_290,CodeBERT_PCA,0.00034890163076539693
231,pca_112,CodeBERT_PCA,0.0003382249923646885
232,pca_138,CodeBERT_PCA,0.00032001797054337366
233,pca_191,CodeBERT_PCA,0.0003018931694414029
234,pca_382,CodeBERT_PCA,0.00030122274991595255
235,pca_374,CodeBERT_PCA,0.0002835001108969504
236,pca_7,CodeBERT_PCA,0.0002797119209438925
237,pca_50,CodeBERT_PCA,0.0002772523973348928
238,pca_189,CodeBERT_PCA,0.0002696382447584522
239,pca_178,CodeBERT_PCA,0.00024367536826841452
240,pca_122,CodeBERT_PCA,0.00024192891921570592
241,pca_252,CodeBERT_PCA,0.0002061666440562604
242,pca_353,CodeBERT_PCA,0.0001679887450212192
243,pca_278,CodeBERT_PCA,0.00015172925846984597
244,pca_216,CodeBERT_PCA,0.00013671719480790046
245,pca_119,CodeBERT_PCA,0.00013570337884649675
246,pca_175,CodeBERT_PCA,0.00010434712701679061
247,pca_298,CodeBERT_PCA,6.334864653534389e-05
248,pca_82,CodeBERT_PCA,5.948661625310159e-05
249,pca_73,CodeBERT_PCA,1.0613973800754906e-05
250,pca_349,CodeBERT_PCA,0.0
251,pca_371,CodeBERT_PCA,0.0
252,pca_70,CodeBERT_PCA,0.0
253,pca_351,CodeBERT_PCA,0.0
254,pca_183,CodeBERT_PCA,0.0
255,pca_185,CodeBERT_PCA,0.0
256,pca_179,CodeBERT_PCA,0.0
257,pca_379,CodeBERT_PCA,0.0
258,pca_380,CodeBERT_PCA,0.0
259,pca_186,CodeBERT_PCA,0.0
260,pca_188,CodeBERT_PCA,0.0
261,pca_193,CodeBERT_PCA,0.0
262,pca_167,CodeBERT_PCA,0.0
263,pca_180,CodeBERT_PCA,0.0
264,pca_373,CodeBERT_PCA,0.0
265,pca_367,CodeBERT_PCA,0.0
266,pca_364,CodeBERT_PCA,0.0
267,pca_361,CodeBERT_PCA,0.0
268,pca_362,CodeBERT_PCA,0.0
269,pca_232,CodeBERT_PCA,0.0
270,pca_230,CodeBERT_PCA,0.0
271,pca_229,CodeBERT_PCA,0.0
272,pca_154,CodeBERT_PCA,0.0
273,pca_153,CodeBERT_PCA,0.0
274,pca_150,CodeBERT_PCA,0.0
275,pca_51,CodeBERT_PCA,0.0
276,pca_49,CodeBERT_PCA,0.0
277,pca_228,CodeBERT_PCA,0.0
278,pca_45,CodeBERT_PCA,0.0
279,pca_44,CodeBERT_PCA,0.0
280,pca_40,CodeBERT_PCA,0.0
281,pca_226,CodeBERT_PCA,0.0
282,pca_39,CodeBERT_PCA,0.0
283,pca_224,CodeBERT_PCA,0.0
284,pca_225,CodeBERT_PCA,0.0
285,pca_198,CodeBERT_PCA,0.0
286,pca_199,CodeBERT_PCA,0.0
287,pca_223,CodeBERT_PCA,0.0
288,pca_218,CodeBERT_PCA,0.0
289,pca_214,CodeBERT_PCA,0.0
290,pca_217,CodeBERT_PCA,0.0
291,pca_209,CodeBERT_PCA,0.0
292,pca_210,CodeBERT_PCA,0.0
293,pca_208,CodeBERT_PCA,0.0
294,pca_203,CodeBERT_PCA,0.0
295,pca_171,CodeBERT_PCA,0.0
296,pca_168,CodeBERT_PCA,0.0
297,pca_172,CodeBERT_PCA,0.0
298,pca_173,CodeBERT_PCA,0.0
299,pca_194,CodeBERT_PCA,0.0
300,pca_195,CodeBERT_PCA,0.0
301,pca_352,CodeBERT_PCA,0.0
302,pca_356,CodeBERT_PCA,0.0
303,pca_354,CodeBERT_PCA,0.0
304,pca_378,CodeBERT_PCA,0.0
305,pca_263,CodeBERT_PCA,0.0
306,pca_31,CodeBERT_PCA,0.0
307,pca_33,CodeBERT_PCA,0.0
308,pca_34,CodeBERT_PCA,0.0
309,pca_38,CodeBERT_PCA,0.0
310,pca_28,CodeBERT_PCA,0.0
311,pca_37,CodeBERT_PCA,0.0
312,pca_30,CodeBERT_PCA,0.0
313,pca_143,CodeBERT_PCA,0.0
314,pca_117,CodeBERT_PCA,0.0
315,pca_269,CodeBERT_PCA,0.0
316,pca_265,CodeBERT_PCA,0.0
317,pca_272,CodeBERT_PCA,0.0
318,pca_255,CodeBERT_PCA,0.0
319,pca_250,CodeBERT_PCA,0.0
320,pca_251,CodeBERT_PCA,0.0
321,pca_246,CodeBERT_PCA,0.0
322,pca_148,CodeBERT_PCA,0.0
323,pca_144,CodeBERT_PCA,0.0
324,pca_145,CodeBERT_PCA,0.0
325,pca_134,CodeBERT_PCA,0.0
326,pca_21,CodeBERT_PCA,0.0
327,pca_139,CodeBERT_PCA,0.0
328,pca_141,CodeBERT_PCA,0.0
329,pca_238,CodeBERT_PCA,0.0
330,pca_240,CodeBERT_PCA,0.0
331,pca_237,CodeBERT_PCA,0.0
332,pca_236,CodeBERT_PCA,0.0
333,pca_106,CodeBERT_PCA,0.0
334,pca_108,CodeBERT_PCA,0.0
335,pca_99,CodeBERT_PCA,0.0
336,pca_101,CodeBERT_PCA,0.0
337,pca_98,CodeBERT_PCA,0.0
338,pca_285,CodeBERT_PCA,0.0
339,pca_286,CodeBERT_PCA,0.0
340,pca_95,CodeBERT_PCA,0.0
341,pca_281,CodeBERT_PCA,0.0
342,pca_273,CodeBERT_PCA,0.0
343,pca_283,CodeBERT_PCA,0.0
344,pca_270,CodeBERT_PCA,0.0
345,pca_264,CodeBERT_PCA,0.0
346,pca_120,CodeBERT_PCA,0.0
347,pca_125,CodeBERT_PCA,0.0
348,pca_301,CodeBERT_PCA,0.0
349,pca_313,CodeBERT_PCA,0.0
350,pca_312,CodeBERT_PCA,0.0
351,pca_311,CodeBERT_PCA,0.0
352,pca_314,CodeBERT_PCA,0.0
353,pca_319,CodeBERT_PCA,0.0
354,pca_318,CodeBERT_PCA,0.0
355,pca_322,CodeBERT_PCA,0.0
356,pca_320,CodeBERT_PCA,0.0
357,pca_60,CodeBERT_PCA,0.0
358,pca_302,CodeBERT_PCA,0.0
359,pca_303,CodeBERT_PCA,0.0
360,pca_304,CodeBERT_PCA,0.0
361,pca_310,CodeBERT_PCA,0.0
362,pca_294,CodeBERT_PCA,0.0
363,pca_296,CodeBERT_PCA,0.0
364,pca_292,CodeBERT_PCA,0.0
365,pca_86,CodeBERT_PCA,0.0
366,pca_68,CodeBERT_PCA,0.0
367,pca_67,CodeBERT_PCA,0.0
368,pca_66,CodeBERT_PCA,0.0
369,pca_63,CodeBERT_PCA,0.0
370,pca_62,CodeBERT_PCA,0.0
371,pca_61,CodeBERT_PCA,0.0
372,pca_88,CodeBERT_PCA,0.0
373,pca_330,CodeBERT_PCA,0.0
374,pca_74,CodeBERT_PCA,0.0
375,pca_78,CodeBERT_PCA,0.0
376,pca_76,CodeBERT_PCA,0.0
377,pca_79,CodeBERT_PCA,0.0
378,pca_326,CodeBERT_PCA,0.0
379,pca_329,CodeBERT_PCA,0.0
380,pca_91,CodeBERT_PCA,0.0
381,pca_55,CodeBERT_PCA,0.0
382,pca_53,CodeBERT_PCA,0.0
383,pca_83,CodeBERT_PCA,0.0
384,pca_56,CodeBERT_PCA,0.0
385,pca_334,CodeBERT_PCA,0.0
386,pca_335,CodeBERT_PCA,0.0
387,pca_333,CodeBERT_PCA,0.0
388,pca_332,CodeBERT_PCA,0.0
389,pca_341,CodeBERT_PCA,0.0
390,pca_339,CodeBERT_PCA,0.0
391,pca_344,CodeBERT_PCA,0.0
392,pca_346,CodeBERT_PCA,0.0
393,pca_348,CodeBERT_PCA,0.0
394,pca_347,CodeBERT_PCA,0.0
395,pca_358,CodeBERT_PCA,0.0
396,pca_383,CodeBERT_PCA,0.0
